epoch,time,train/box_loss,train/cls_loss,train/dfl_loss,metrics/precision(B),metrics/recall(B),metrics/mAP50(B),metrics/mAP50-95(B),val/box_loss,val/cls_loss,val/dfl_loss,lr/pg0,lr/pg1,lr/pg2
1,552.955,3.61848,4.23189,3.90332,0.01357,0.11959,0.00736,0.00217,3.57714,59.8958,3.6096,0.000414855,0.000414855,0.000414855
2,895.59,2.84661,3.02629,2.81706,0.1457,0.12621,0.06967,0.02241,3.05822,3.47987,2.99799,0.000710966,0.000710966,0.000710966
3,1219.16,2.36601,2.4551,2.32965,0.21357,0.24088,0.12552,0.04757,2.74775,3.56387,2.74155,0.000821262,0.000821262,0.000821262
4,1552.17,2.15006,2.13494,2.11478,0.29902,0.25382,0.19426,0.08066,2.60242,3.18836,2.60774,0.000440046,0.000440046,0.000440046
5,1856.33,2.04976,1.96261,2.004,0.30222,0.26178,0.19348,0.08237,2.57219,3.14962,2.56757,0.000130671,0.000130671,0.000130671
