epoch,time,train/box_loss,train/cls_loss,train/dfl_loss,metrics/precision(B),metrics/recall(B),metrics/mAP50(B),metrics/mAP50-95(B),val/box_loss,val/cls_loss,val/dfl_loss,lr/pg0,lr/pg1,lr/pg2
1,403.944,1.43063,1.3684,1.1906,0.53097,0.42667,0.40654,0.20738,2.0445,2.35671,1.49365,0.000416213,0.000416213,0.000416213
2,800.822,1.45334,1.1745,1.23334,0.50483,0.38843,0.34981,0.17367,2.07602,2.4413,1.50678,0.000754142,0.000754142,0.000754142
3,1198.37,1.41506,1.0786,1.193,0.5375,0.41631,0.37852,0.19693,2.1101,3.34664,1.56198,0.000822156,0.000822156,0.000822156
4,1589.92,1.33803,0.97198,1.15892,0.63264,0.45856,0.49535,0.27811,2.03158,2.74346,1.50897,0.000440046,0.000440046,0.000440046
5,1933.42,1.25984,0.86146,1.10658,0.6694,0.44899,0.48955,0.2747,2.05438,2.63232,1.53491,0.000130671,0.000130671,0.000130671
